65900,2016,52000,Jeep Wrangler Unlimited Ac 3.6 5p 4x4,Samborondón - Guayas
24700,2017,163000,Volkswagen Amarok A Diesel 4x4,Guayaquil - Guayas
95000,2012,45000,Bmw 1m Serie 1m Coupe,Quito - Pichincha ( Quito )
750,2013,10000,Volkswagen Crafter Amarok Diesel Repuestos Originales,Quito - Pichincha ( Quito )
15500,2016,85000,Great Wall H5 Turbo 2.0 4x4 Full,Quito - Pichincha ( Quito )
14999,2013,119000,Ford Escape Automatico,Quito - Pichincha ( Quito )
11000,2013,360000,Kia 2013 K2700 Tipo Camion,Santo Domingo - Santo Domingo de los Tsáchilas
28500,2019,43000,Kia Sportage R Gti R Gti,Quito - Pichincha ( Quito )
13300,2010,97680,"Nissan X-trail, 4x4, 2.5 Mt Classic",Quito - Pichincha ( Quito )
21500,2015,47000,Hyundai Azera Grandeur Sedan,Guayaquil - Guayas
15000,2006,600000,Chevrolet Luv D-max Limited Edición,Guayaquil - Guayas
10200,2009,450000,Kia Pregio Manual,Esmeraldas - Esmeraldas
27500,2016,74700,Nissan X-trail Exclusive,Ambato - Tungurahua
16500,2017,101000,Hyundai Ioniq Sel,Tulcán - Carchi
11900,2009,1,Mazda Bt-50 2.5,Santo Domingo - Santo Domingo de los Tsáchilas
98000,2019,38000,Toyota 4runner Limited 4x4,Quito - Pichincha ( Quito )
70000,2014,34568,Toyota 4runner Limited Limited,Quito - Pichincha ( Quito )
25500,2012,109000,Bmw X1 Sdrive,Quito - Pichincha ( Quito )
36500,2013,100,Volkswagen Crafter 50 Furgoneta,Quito - Pichincha ( Quito )
7500,2012,165000,Renault Logan Dynamique,Guayaquil - Guayas
16000,2016,170000,Chevrolet Aveo Family,Quito - Pichincha ( Quito )
11400,2003,250000,Chevrolet Luv 4×4,Quito - Pichincha ( Quito )
18500,2018,70000,Suzuki S-cross 2019,Guayaquil - Guayas
10000,2016,110000,Renault Logan Expression,Guayaquil - Guayas
21500,2019,22000,Chevrolet Sail Full,Quito - Pichincha ( Quito )
30300,2019,30000,Jeep Compass Longitude,Quito - Pichincha ( Quito )
21900,2013,135000,Ford F-150 3.7,Loja - Loja
23000,2018,61916,Hyundai Sonata Sonata,Quito - Pichincha ( Quito )
16900,2018,78000,Toyota Yarys Yarys Japonesa,Guayaquil - Guayas
5900,2006,365000,Skoda Octavia Tour 1.6,Guayaquil - Guayas
9600,2008,260805,Toyota Corolla Corolla,Quito - Pichincha ( Quito )
15400,2017,131000,Suzuki Grand Vitara Sz,Quito - Pichincha ( Quito )
13000,2011,235000,Mazda Bt-50 Dc 2.2 Gasolina,Guayaquil - Guayas
12500,2012,170797,Hyundai Elantra Full,Guayaquil - Guayas
16000,2011,300,Nissan Navara Un Solo Dueño,Quito - Pichincha ( Quito )
12500,2011,230000,Chevrolet Grand Vitara Sz Full,Guayaquil - Guayas
18500,2015,92000,Mazda 3 Sedan Skyactive,Guayaquil - Guayas
14500,2013,148500,Chevrolet Captiva Sport 5 Puertas,Guayaquil - Guayas
11500,2011,125800,Volkswagen Jetta Europa 2.0 Jetta Europa 2.0,Guayaquil - Guayas
18000,2019,122000,"Suzuki S-cross S-cross 1.6l - 120 Cv - Gasolina - Manual 5 Marchas, 5 Puertas, 2019",Quito - Pichincha ( Quito )
61500,2020,17743,Audi Q3 S Line,Guayaquil - Guayas
12500,2005,254000,Chevrolet D-max Gasolina Manual,Santo Domingo - Santo Domingo de los Tsáchilas
24500,2019,58700,Uaz Patriot 4x4 Patriot 4x4 Diésel 4x4 Diesel,Macas - Morona Santiago
11500,2011,290000,Nissan Tiida Sedan,Guayaquil - Guayas
30000,2020,53000,Mazda 2021 Automatico,Guayaquil - Guayas
19000,2013,40000,Chevrolet Luv D-max Cd Optima Doble Cabina,Quito - Pichincha ( Quito )
54700,2013,190000,Toyota Fj Cruiser 4x4,Guayaquil - Guayas
15900,2015,141000,Hyundai Sonata Hybrid Limited,Samborondón - Guayas
15900,2015,141000,Hyundai Sonata Hybrid Limited,Samborondón - Guayas
14300,2010,149000,Ford Escape Awd. Hev Escape 4wd. Full Hybrid,Ibarra - Imbabura
5980,1998,278000,Ford Contour Gl Sedán Americano,Quito - Pichincha ( Quito )
26000,2015,149000,Volkswagen Amarok 4x4 Biturbo Diesel Plus Full,Ibarra - Imbabura
24700,2019,87000,Hyundai Creta Gs,Guayaquil - Guayas
16900,2018,86000,Volkswagen Polo Sedan,Guayaquil - Guayas
18700,2019,49000,Great Wall Wingle 5 A.c. 2.2,Guayaquil - Guayas
32700,2008,118000,Bmw 330i Coupe Coupe,Guayaquil - Guayas
18700,2019,189000,Nissan X-trail Sense,Guayaquil - Guayas
30500,2015,89000,Toyota Fortuner Full Manual,Quito - Pichincha ( Quito )
600,2019,10000,Dongfeng Cajon De Madera Cajon De Madera,Quito - Pichincha ( Quito )
7000,2012,180000,Chevrolet Spark Lite,Rumiñahui - Pichincha ( Quito )
11900,2020,28000,Chevrolet Spark Lt Full Lt,Quito - Pichincha ( Quito )
28900,2015,81000,Chevrolet Dmax Ls Ls Full,Quito - Pichincha ( Quito )
20000,2019,84000,Jac T6 Luxury,Guayaquil - Guayas
16800,2019,68000,Chevrolet Grand Vitara Sz 16900,Quito - Pichincha ( Quito )
8800,2005,90000,Hyundai Tucson Automatico,Cayambe - Pichincha ( Quito )
16000,2019,200000,Chery Arrizo 3 Sedan Convencional,Guayaquil - Guayas
5000,1997,50421,Suzuki Super Carry Furgoneta,Quito - Pichincha ( Quito )
7100,2002,220000,Volkswagen Gol Sport G3,Quito - Pichincha ( Quito )
11800,2003,222000,Mitsubishi Sport Gls,Loja - Loja
19200,2020,31400,Baic X55 Luxury Luxury,Quito - Pichincha ( Quito )
8000,2007,263000,Kia Carens Lx 7pasajeros Minivan,Quito - Pichincha ( Quito )
12000,2019,108000,Chevrolet Spark Gt Ltz Full Equipo,Guayaquil - Guayas
13900,2008,126000,Hyundai Santa Fe Full,Ibarra - Imbabura
14100,2004,195000,Nissan Murano Z50 4x4 Awd 3.5 L V6,Quito - Pichincha ( Quito )
6300,2007,260000,Skoda Fabia Estandar,Puerto Quito - Pichincha ( Quito )
17500,2019,57000,Suzuki Sz 2.0 Manual,Guayaquil - Guayas
26500,2017,75000,Kia Sorento A/c 3.3 5p 4x2 Ta,Guayaquil - Guayas
42800,2021,37000,Mazda Cx-5 Ac 2.5 4x4 Ta Grand Touring,Quito - Pichincha ( Quito )
17000,2009,205000,Bmw X3 2.5 Xdrive 4x4 Tm,Guayaquil - Guayas
27999,2008,80000,Mitsubishi Eclipse Full,Guayaquil - Guayas
10000,2006,168900,Hyundai Santa Fe Jeep 4x2,Quevedo - Los Ríos
7400,2002,36000,Volkswagen Parati Automovil Parati Station Wagon,Quito - Pichincha ( Quito )
18800,2019,69000,Suzuki Sz Next 4x2,Cayambe - Pichincha ( Quito )
10000,1998,194000,Ford F-150 Cabina Y Media,Quito - Pichincha ( Quito )
15400,2023,627,Keyton M70 L L,Guayaquil - Guayas
11300,2012,175000,Great Wall Wingle Cd 4x2,Quito - Pichincha ( Quito )
19700,2009,81000,Audi A4 2.0 Tfsi 2.0 Turbo Quattro,Cuenca - Azuay
8500,2003,327898,Kia Carens Carens,Quito - Pichincha ( Quito )
10300,2006,167000,Mazda 3 3,Rumiñahui - Pichincha ( Quito )
7000,2005,300000,Mazda 626 626  Nuevo Milenio 2.0,Guayaquil - Guayas
8100,2008,275000,Citroën Xsara Picasso Exclusive,Quito - Pichincha ( Quito )
28000,2019,64000,Hyndai Tucson Tl Ac,Quito - Pichincha ( Quito )
13800,2015,33000,Renault Sandero Dynamique 1.6,Quito - Pichincha ( Quito )
23200,2018,88000,Nissan Qashqai Full,Guayaquil - Guayas
16500,2009,139000,Toyota Hilux Doble Cabina Gasolina,Quito - Pichincha ( Quito )
6800,2005,233000,Volkswagen Polo Sedan,Quito - Pichincha ( Quito )
